date,co,so2,pm10
1399/01/01,0.54073146,1.34356706,21.14511853
1399/01/02,0.50199489,2.48158037,26.17467978
1399/01/03,0.57623622,2.24366842,23.99350387
1399/01/04,0.30716417,1.55533593,12.44550505
1399/01/05,0.69270209,2.10103484,16.30063067
1399/01/06,0.87839296,2.63548696,25.7451553
1399/01/07,0.42757403,2.28121023,27.35190805
1399/01/08,0.69949218,2.52081787,29.3130640447
1399/01/09,0.71326074,2.79403938,31.73179442
1399/01/10,0.72178117,2.12419377,23.06626049
1399/01/11,0.84392589,1.86873715,18.08826307
1399/01/12,0.37168134,1.49456485,10.85391323
1399/01/13,0.50153403,1.90362584,15.96801219
1399/01/14,0.91667674,2.02876666,40.21233579
1399/01/15,0.86472348,1.55904105,50.75530314
1399/01/16,0.36122253,2.03914572,34.279628
1399/01/17,0.32073229,1.95225222,23.58103938
1399/01/18,0.63173643,4.04206588,38.72716856
1399/01/19,1.1212327,2.60397101,38.18822995
1399/01/20,0.59292482,1.88354613,22.85508772
1399/01/21,0.46021433,1.71411451,20.32029659
1399/01/22,0.9496641,2.46354533,12.49118207
1399/01/23,1.23534169,2.75592,30.82705423
1399/01/24,0.78203614,2.21195514,31.65474866
1399/01/25,0.42919541,2.61460402,29.10921045
1399/01/26,0.39708467,2.71246557,30.8905292
1399/01/27,0.57780646,2.89938822,43.48602113
1399/01/28,0.78650156,2.71409536,39.40944833
1399/01/29,0.44237038,1.91966411,37.24330685
1399/01/30,0.96488273,2.19893608,25.16293677
1399/01/31,0.71056963,2.79926104,41.40041008
1399/02/01,0.91421616,2.94722019,63.06488919
1399/02/02,0.72152673,2.58866371,45.7788347
1399/02/03,0.68719938,3.09008354,59.65524093
1399/02/04,0.94560333,3.64069442,54.45445049
1399/02/05,1.10140069,3.21599634,48.79311417
1399/02/06,1.16408264,4.19012103,96.57152234
1399/02/07,1.06919176,2.14951442,47.92403451
1399/02/08,0.45293206,1.76795151,49.81530751
1399/02/09,0.49793382,2.31414531,32.07246384
1399/02/10,0.56706105,2.54228059,42.8211237
1399/02/11,0.975031,2.15113762,33.35745743
1399/02/12,0.75186363,1.82178445,32.88020389
1399/02/13,0.75223253,1.42480703,41.48587432
1399/02/14,0.55961499,2.57088844,50.28027948
1399/02/15,0.41067443,2.38626626,33.22865113
1399/02/16,0.91457003,3.55583744,71.32801341
1399/02/17,0.93289616,3.85474739,110.58836235
1399/02/18,0.50435958,1.26537938,47.14788792
1399/02/19,0.44929334,2.01387699,37.67891116
1399/02/20,0.92948527,3.8491199,38.13660134
1399/02/21,0.64602391,3.16026409,66.55217099
1399/02/22,0.37571141,2.34829715,57.72316959
1399/02/23,0.70211804,2.1485359,16.15549511
1399/02/24,0.54088127,3.45315378,11.0410016
1399/02/25,0.71873472,2.69190369,36.173336307199996
1399/02/26,0.71008829,3.02502051,39.67844838256
1399/02/27,0.73196702,4.0558164,51.328512006668
1399/02/28,1.07760985,3.8408461,62.688138352800394
1399/02/29,1.40592209,2.8195792600000003,75.6280419232401
1399/02/30,1.11865781,4.6349869,87.03530182907203
1399/02/31,0.93935812,2.25987465,45.6318139564216
1399/03/01,1.24353877,3.51430626,61.16342311352648
1399/03/02,1.00152568,3.3748039,76.89291922065794
1399/03/03,0.57501355,2.70103312,64.87008967839736
1399/03/04,0.48104777,4.27701753,68.96907569263031
1399/03/05,0.48184254,4.17935345,53.75533654003909
1399/03/06,0.67950629,3.86616513,66.93615548001172
1399/03/07,0.93155519,5.25506626,66.38346858300352
1399/03/08,0.64307239,4.20424406,55.98549762952606
1399/03/09,0.74086892,3.22200305,46.54980772635781
1399/03/10,1.01733538,4.20908652,50.40888297690734
1399/03/11,1.0344357,4.53659757,54.046223803322206
1399/03/12,1.00056179,5.54874341,48.03481145874666
1399/03/13,1.18291194,5.2222221,62.91211322674899
1399/03/14,0.7329306,2.94858656,70.5345805132747
1399/03/15,0.31132953,2.14431712,54.27933084531574
1399/03/16,0.46298857,3.10585079,49.688801046150274
1399/03/17,0.68784564,3.46275118,54.15118847017841
1399/03/18,0.6689327,3.09190314,62.43132159627574
1399/03/19,0.95425785,5.63032976,77.87655971050772
1399/03/20,0.9692569,6.90941336,66.50397341515232
1399/03/21,1.13992028,5.78767116,55.3944762461707
1399/03/22,0.90106099,4.98076761,49.362599082851204
1399/03/23,1.03281782,2.85295697,48.03691807998036
1399/03/24,1.13538529,4.81591151,53.7422940928691
1399/03/25,1.24350766,4.09126296,55.66681713886072
1399/03/26,1.09229633,4.78086256,63.097248187033216
1399/03/27,1.19226918,6.01329617,65.60395253610996
1399/03/28,1.12123572,5.12267099,61.49317936270798
1399/03/29,1.6341478,5.18320236,66.1588319083124
1399/03/30,0.99565585,3.67346008,61.45315522849371
1399/03/31,1.09698006,3.7216903,64.83353818042312
1399/04/01,0.56267747,2.99736746,67.57016710468248
1399/04/02,1.0450919,3.22787905,62.27975673140473
1399/04/03,1.48966335,4.09159339,61.00178172286586
1399/04/04,2.60152225,7.11224787,70.38772793910977
1399/04/05,1.48519693,3.17443799,63.224130923982926
1399/04/06,1.18140658,2.64747383,81.50568559981987
1399/04/07,1.14120384,2.74768622,89.23752510782096
1399/04/08,4.85532304,6.06379401,85.35044380984628
1399/04/09,2.96016515,2.09296428,89.02496837082889
1399/04/10,1.23883662,2.59513457,80.32613530599866
1399/04/11,1.37966989,5.6946001,78.4410123531746
1399/04/12,0.73599638,2.8958086400000003,86.57461546845238
1399/04/13,1.0583442,3.05697658,114.5740726230357
1399/04/14,1.55811133,4.49712176,99.8069501074107
1399/04/15,0.95461226,6.15927615,97.0503545157232
1399/04/16,0.88736764,3.50576093,71.04524013482805
1399/04/17,1.2277621,4.11504453,68.76182276522619
1399/04/18,1.08948177,3.87686435,58.230471002317856
1399/04/19,0.96602419,3.36765796,66.44043990419536
1399/04/20,3.7180488,3.52858574,63.262311138883604
1399/04/21,1.4962889,4.10869965,61.776275204442854
1399/04/22,1.38036324,3.25649477,60.52086397958285
1399/04/23,1.14303878,2.9119584,61.74324303024985
1399/04/24,0.9188287,3.51768429,59.111300776963844
1399/04/25,1.29186891,4.14339529,54.323491851866926
1399/04/26,1.19632758,3.46636341,54.14044125011563
1399/04/27,1.13325643,4.54132648,47.82802107925691
1399/04/28,1.01779932,4.45628594,51.397998107332626
1399/04/29,1.64707951,4.46907555,51.6666341933109
1399/04/30,3.17797464,5.40780088,58.24631239321549
1399/04/31,1.15765469,4.17357326,56.248615115186865
1399/05/01,1.26359502,2.86007654,51.41644670444495
1399/05/02,1.8367116,3.16234123,54.21438194088904
1399/05/03,1.31911526,2.65112937,64.58764305604448
1399/05/04,0.88038316,2.50014977,58.08059418025779
1399/05/05,1.27215028,4.4985478,59.25127885141066
1399/05/06,1.0004636,3.59831999,56.58179597764542
1399/05/07,1.10861152,4.47780687,58.16851452669363
1399/05/08,1.29503434,4.27583278,28.60911689
1399/05/09,1.49190098,2.96022337,30.90341791
1399/05/10,1.0855312,2.98061246,49.59171216
1399/05/11,1.01703802,4.89790452,48.275567363444445
1399/05/12,1.39833051,4.73096393,55.07502212173334
1399/05/13,1.00931414,4.01563814,66.38989320832
1399/05/14,1.42828304,3.65759087,63.21606542089599
1399/05/15,1.44109483,4.79488206,74.43695211056878
1399/05/16,1.00259637,2.93934895,87.17265909557062
1399/05/17,0.97525989,2.47464051,72.43352247807118
1399/05/18,0.83413458,3.12186668,65.57899104042136
1399/05/19,1.11347851,5.46937219,63.35465760012641
1399/05/20,0.90077019,2.58268967,66.70874495273792
1399/05/21,1.22336499,3.28975965,76.84662966022135
1399/05/22,1.13864061,3.29148216,78.4604881853664
1399/05/23,1.38473722,4.03487244,87.76354330940993
1399/05/24,0.851292,3.28759758,82.84058650742298
1399/05/25,0.74663162,2.66386328,61.1870811
1399/05/26,0.70014686,2.2569653,49.21478168
1399/05/27,0.90923359,3.5811632,76.13495874
1399/05/28,0.84158623,4.59257926,49.30853344
1399/05/29,0.93965759,3.31533271,67.85980888
1399/05/30,0.80115756,5.79555326,80.01960813
1399/05/31,0.53343598,4.15596302,79.14151778
1399/06/01,0.63630707,3.39347189,69.07825789
1399/06/02,0.51449368,3.24851506,77.92285209
1399/06/03,0.67229121,3.44863004,93.90178495
1399/06/04,0.68904012,3.09886193,56.47320604
1399/06/05,0.91345159,5.66506215,53.48869233
1399/06/06,1.06517948,9.10467251,51.88619576
1399/06/07,1.28913631,8.31887736,51.24303294
1399/06/08,0.96929152,7.869402,44.13869774
1399/06/09,0.94992222,5.12562878,55.8045179
1399/06/10,0.91626943,7.21998092,55.58536728
1399/06/11,0.91082079,9.07035423,51.14317577
1399/06/12,1.05408538,20.29352186,61.97012756
1399/06/13,0.99053941,5.25551837,62.18704506
1399/06/14,1.05985782,5.44905969,46.16626802
1399/06/15,1.06213377,2.60180008,43.24865097
1399/06/16,1.15607866,3.06145967,65.34395029
1399/06/17,1.38509568,2.96803436,76.25110882
1399/06/18,1.11148479,4.01461693,108.25170759
1399/06/19,1.27231506,4.37496411,95.54141458
1399/06/20,1.24153885,4.73148109,87.61712474
1399/06/21,1.31914112,4.12339503,67.47399166
1399/06/22,0.90496328,4.10662503,59.78438852
1399/06/23,0.95923348,3.62086249,50.23203826
1399/06/24,1.24759248,4.21994465,63.2466997
1399/06/25,0.98866428,4.39682297,60.07022073
1399/06/26,1.34720318,4.50836589,62.48564264
1399/06/27,1.30364382,6.65732722,60.23062628
1399/06/28,1.09793756,4.39347414,43.36863222
1399/06/29,1.51184391,4.56206732,54.44609219
1399/06/30,1.34967277,4.03107278,65.36702444
1399/06/31,1.27591912,4.17406626,60.63680036
1399/07/01,1.31107899,4.91584412,69.24980503
1399/07/02,1.18327475,4.29321825,62.42608215
1399/07/03,1.15964414,5.48269406,56.39476306
1399/07/04,1.08409313,4.59663221,57.80329068
1399/07/05,1.21100973,3.46162641,71.31346229
1399/07/06,0.96905208,3.32978697,90.1824005
1399/07/07,1.01376426,1.9688304,98.94016016
1399/07/08,0.79066501,4.78880491,68.35978408
1399/07/09,0.75635913,5.45986025,47.06623313
1399/07/10,1.03615845,4.11427198,58.65222564
1399/07/11,0.90422795,3.55999977,54.36510944
1399/07/12,1.03454213,2.5792405,67.2150944
1399/07/13,0.93690221,3.60276217,79.67388401
1399/07/14,1.17253825,1.95365621,31.67487589
1399/07/15,1.72593262,4.05474281,44.93149455
1399/07/16,1.1904037,3.24921401,34.76138377
1399/07/17,1.16482319,2.89401897,30.18578056
1399/07/18,1.07142414,1.68246293,17.61853344
1399/07/19,1.257471,2.5891032000000003,31.37462394
1399/07/20,1.16591152,3.95590918,61.16536398
1399/07/21,1.22857225,4.33440967,67.78239596
1399/07/22,1.38699551,4.52651771,69.39750062
1399/07/23,1.57855846,4.02161363,71.07284825
1399/07/24,1.42796642,4.26112862,67.32214072
1399/07/25,1.30563159,3.76959395,59.10276614
1399/07/26,1.19024551,3.05548855,55.84393085
1399/07/27,1.22054727,4.13284786,66.24981881
1399/07/28,1.36623508,4.33689861,61.83898222
1399/07/29,1.76052666,4.34778382,77.94872822
1399/07/30,1.21700039,3.60518454,65.92356705
1399/08/01,1.93216566,2.40300056,64.26498731
1399/08/02,1.57269552,3.59097713,58.42251564
1399/08/03,1.4096933,4.7134364600000005,69.69604981
1399/08/04,1.54252045,4.18037922,67.24511443
1399/08/05,1.76899051,4.12370601,71.91435957
1399/08/06,1.68730143,4.71491106,78.25807012
1399/08/07,1.43396631,3.523887,75.84290246
1399/08/08,1.37434184,3.12821269,55.0857846
1399/08/09,1.47648692,2.62882878,53.6197954
1399/08/10,1.5078677,3.88262476,70.51579203
1399/08/11,1.49324024,4.3319429,74.1703532
1399/08/12,1.7067952,4.62259678,82.32677167
1399/08/13,1.4181048,5.71528506,78.43984287
1399/08/14,1.43073008,4.79321901,73.80405401
1399/08/15,1.14118722,4.74695663,75.32807697
1399/08/16,1.20937629,3.51464089,59.07605776
1399/08/17,1.188045,3.69447911,79.34246535
1399/08/18,1.12971277,1.74303347,29.11900472
1399/08/19,2.12766411,4.75309051,53.44719337
1399/08/20,1.44945211,3.61771168,50.74768316
1399/08/21,1.88438639,3.52258374,40.96654082
1399/08/22,1.23938509,3.55622312,36.46249759
1399/08/23,0.95361524,2.68414166,14.99435074
1399/08/24,1.14379346,4.20768233,22.08585824
1399/08/25,1.17694861,3.48884475,32.61870782
1399/08/26,1.37287301,6.20474148,40.48364824
1399/08/27,1.20356762,3.76544195,32.88879633
1399/08/28,1.50249552,4.22589494,38.02669578
1399/08/29,1.01029291,4.43867749,38.79377602
1399/08/30,0.9417326,7.10465211,26.01442123
1399/09/01,2.03661723,2.89342174,18.25690883
1399/09/02,1.45910042,2.31588335,16.61915017
1399/09/03,1.09034411,6.15653881,44.79163585
1399/09/04,1.00781413,4.15824346,57.02401906
1399/09/05,1.08947034,3.06803051,72.09015663
1399/09/06,1.31670165,12.55734089,108.93155686
1399/09/07,1.22859863,2.76961792,49.50671353
1399/09/08,1.13894714,9.99435998,53.43948878
1399/09/09,1.20638138,3.55528727,23.22371686
1399/09/10,1.58811312,5.73316944,51.46780855
1399/09/11,2.0587362,3.77446382,88.54652543
1399/09/12,2.04211728,6.7164183600000005,125.63331458
1399/09/13,1.7583048300000002,3.17095816,89.88593895
1399/09/14,1.52922035,4.53310261,55.89136679
1399/09/15,1.40538326,6.80869778,74.51399801
1399/09/16,0.99960817,7.50629596,32.17350707
1399/09/17,1.44565615,2.32420316,23.12289094
1399/09/18,1.50535359,3.76305789,45.99407661
1399/09/19,1.85799579,3.31779407,86.12526515
1399/09/20,1.75734257,3.86982224,92.44389656
1399/09/21,1.26478164,2.17571764,63.29972991
1399/09/22,1.32652214,8.22920985,61.21207384
1399/09/23,1.62357021,8.55735197,91.80799768
1399/09/24,1.83689202,6.09084214,106.14780364
1399/09/25,1.36850062,6.02462669,102.40492109940001
1399/09/26,1.39582243,9.03775274,97.66875261942
1399/09/27,2.65126232,8.511226109999999,98.31745346492599
1399/09/28,1.59279631,8.59290814,102.54298507247779
1399/09/29,1.54410999,3.80027692,72.10415652684333
1399/09/30,1.54465474,5.50701876,66.189767283253
1399/10/01,2.27728463,4.79568687,66.35579062237588
1399/10/02,1.9735509,10.3271143,89.93911365111276
1399/10/03,1.28934059,18.15359153,102.05541782653384
1399/10/04,1.43753336,2.83713146,73.55262178976014
1399/10/05,0.359623,1.94967629,36.98427973492804
1399/10/06,1.50939305,7.56925971,55.77739937957841
1399/10/07,1.78535116,12.41553551,84.41170794567353
1399/10/08,1.84366012,7.1369226900000005,107.01643966781316
1399/10/09,2.51072743,8.73986799,136.38976558
1399/10/10,2.31318718,8.64874576,110.43633967
1399/10/11,3.16614569,8.38798782,114.78638691
1399/10/12,2.4780406,7.08899813,92.00542607
1399/10/13,2.5368705,15.95280313,99.2438449
1399/10/14,2.77028826,9.31622164,83.20137249
1399/10/15,1.16626086,4.53626543,89.0655318729
1399/10/16,1.31298431,6.76891161,74.58339836517
1399/10/17,2.04641305,8.77979095,93.843736231051
1399/10/18,3.21675451,7.8460293,115.14379645651532
1399/10/19,1.97422595,5.99359817,117.92403515795459
1399/10/20,2.10987025,6.02287031,119.97189277818637
1399/10/21,2.35852327,7.95342428,139.51042912195592
1399/10/22,2.77279149,14.6637494,159.64452385503122
1399/10/23,2.69505644,11.59056151,172.83831844373157
1399/10/24,2.39785482,10.77038533,177.13036231534167
1399/10/25,2.19293663,11.58598283,169.31724001793583
1399/10/26,1.57190547,5.98691726,138.81217728000576
1399/10/27,1.47556642,4.3040628,99.36794373975172
1399/10/28,1.39484445,4.18195516,84.4598712008144
1399/10/29,0.81198113,3.50339362,69.08100024368876
1399/10/30,0.89970214,3.3577537,53.32125730666219
1399/11/01,1.3577782,9.03819976,57.12684695077643
1399/11/02,0.67575733,5.67010134,44.64303290745515
1399/11/03,1.20527504,4.52459891,38.98367714345877
1399/11/04,1.42662562,5.97548023,49.93939088203763
1399/11/05,1.76491676,7.20429142,68.7867170839113
1399/11/06,2.40822178,11.11880323,105.38595447547338
1399/11/07,2.07481257,9.20839165,117.454518904742
1399/11/08,2.02106577,6.92166517,122.4479596936226
1399/11/09,2.12583314,13.68435667,129.24567232188673
1399/11/10,1.43501318,10.96870094,122.07900561826602
1399/11/11,0.98408487,2.12933897,60.958582920479806
1399/11/12,0.47001896,5.88846337,44.031559077743935
1399/11/13,1.76255747,8.60882009,47.90823962062318
1399/11/14,1.98491346,7.46540296,74.94519472828695
1399/11/15,1.98393835,6.82291843,96.34736600038606
1399/11/16,1.6327102999999998,4.39572704,99.80943903551582
1399/11/17,1.33876631,4.60023917,94.29864924287696
1399/11/18,0.85605755,1.75659049,48.49605509430753
1399/11/19,0.98740427,3.59164134,46.97099739084781
1399/11/20,2.27888376,7.01665291,75.03774586925434
1399/11/21,1.3769494,3.40964905,90.6357723508763
1399/11/22,1.25080056,8.63248323,76.86431139386289
1399/11/23,1.1388422,5.08218535,42.80675495
1399/11/24,1.10101358,3.86625821,45.14997547
1399/11/25,1.84174462,4.9204566100000005,54.59219328
1399/11/26,2.12401408,5.8854812800000005,63.00240591
1399/11/27,1.4162513,4.3084502,65.55898307
1399/11/28,1.0595898,5.64560916,73.50392576
1399/11/29,1.1848975,6.89928698,79.87249091
1399/11/30,0.8105057,2.58164074,27.6433961
1399/12/01,0.37184835,2.73686375,26.34197555
1399/12/02,0.60413827,3.55835958,27.80124291
1399/12/03,0.67966165,3.51892149,30.05250566
1399/12/04,0.8422808,4.19563166,36.43273231
1399/12/05,0.70624603,5.24800309,39.18493358
1399/12/06,0.65111861,4.44182885,40.50940452
1399/12/07,0.57732891,3.11261215,76.54870051
1399/12/08,0.70417145,3.28851752,64.58843017
1399/12/09,1.16094403,5.97892877,72.17896789
1399/12/10,1.44102727,6.1470943,69.11163202
1399/12/11,1.398086,5.62675003,71.3329187
1399/12/12,1.21748001,2.9775878,59.60044852
1399/12/13,0.76753389,2.71497361,46.31238113
1399/12/14,0.78123587,5.11663056,48.34764203
1399/12/15,0.68649584,4.01339374,38.25379765
1399/12/16,0.55576703,4.94742599,22.53088683
1399/12/17,1.07691552,7.98933761,40.70848664
1399/12/18,1.17371866,7.27839138,61.56322432
1399/12/19,0.59366687,5.7092998900000005,53.56987099
1399/12/20,0.37987081,5.95041303,44.17924509
1399/12/21,1.31479618,6.67252452,57.64153473
1399/12/22,0.90403998,6.05951735,35.01100856
1399/12/23,0.41477974,2.52391168,23.25164311
1399/12/24,0.83088371,5.88455343,62.00904805
1399/12/25,1.36886743,8.02878153,97.89824412
1399/12/26,1.00375112,5.8074397300000005,80.58513101
1399/12/27,1.42399798,3.89066824,143.28902515
1399/12/28,1.01610536,3.79897724,109.06492631
1399/12/29,0.4584706,1.37530578,50.54455617
1400/01/01,1.04395715,2.90557186,22.4210456
1400/01/02,1.20393614,3.31977196,47.05738908
1400/01/03,0.82817749,2.01232261,70.11658809
1400/01/04,1.38793227,4.07954475,80.45004778
1400/01/05,0.4883201,4.88541476,132.56236174
1400/01/06,0.492814,3.06486704,115.23278697
1400/01/07,0.42544987,3.27969813,150.13687461
1400/01/08,0.66518323,2.36540649,30.07214171
1400/01/09,0.88534434,4.35819125,45.28903931
1400/01/10,0.91065857,4.82524406,51.80001102
1400/01/11,1.00078279,4.78104119,46.52158247
1400/01/12,1.35783757,6.65808025,61.04121551
1400/01/13,1.11352604,4.69403854,63.27628777
1400/01/14,0.93704524,3.32539198,59.02746281
1400/01/15,0.38440276,2.96471305,31.44906108
1400/01/16,0.89533552,5.27328425,43.7237675
1400/01/17,0.70675815,3.44960591,54.07817305
1400/01/18,1.25425391,6.00028942,83.73081621
1400/01/19,1.02329116,4.31423142,103.90152261
1400/01/20,0.55964698,2.81516703,85.11902269
1400/01/21,0.78577755,3.46785364,103.82151832
1400/01/22,0.53029417,3.44192022,73.36183465
1400/01/23,0.60721753,3.41325593,50.31059695
1400/01/24,0.6791457,3.84148698,64.1314064
1400/01/25,1.04524027,3.99325188,72.12129484
1400/01/26,0.65789893,3.41256689,46.97079414
1400/01/27,0.2236755,3.17686791,38.5838244
1400/01/28,0.5801546,4.32103313,53.20827571
1400/01/29,0.70603821,4.15138049,52.87057099
1400/01/30,0.79873232,4.46754517,64.72239395
1400/01/31,0.73620913,4.37633687,65.24560972
1400/02/01,0.96873212,4.5459473500000005,78.81281507
1400/02/02,0.74906102,3.41295824,76.15908089
1400/02/03,0.9766905,2.09663873,90.05039547
1400/02/04,0.90368745,4.5868155900000005,71.42604903
1400/02/05,0.84435776,3.97641309,42.72300291
1400/02/06,0.85167577,4.48561967,61.99703255
1400/02/07,0.82012781,3.82955149,114.78940598
1400/02/08,0.68755825,3.7961428,71.05282018
1400/02/09,0.65463569,3.45455475,44.56884448
1400/02/10,0.70578345,4.42559562,43.4270543179
1400/02/11,0.69404928,4.09479811,54.18538517397
1400/02/12,0.54834941,3.5758807,50.71261524974655
1400/02/13,0.64779535,3.56194681,43.256128536723956
1400/02/14,0.84333179,3.74561629,30.22597602
1400/02/15,0.66209555,5.76248122,43.16850086
1400/02/16,0.68753452,3.16929654,49.25797513
1400/02/17,0.6342857,2.70184139,46.86225751
1400/02/18,0.70710981,3.02673983,45.44417671
1400/02/19,0.46593634,3.70290594,36.09468804
1400/02/20,0.58272106,3.72246838,50.84596723
1400/02/21,0.49453637,3.41772871,53.15034685
1400/02/22,0.51540954,2.77557211,57.1448852
1400/02/23,0.45777544,2.71167228,50.96162368
1400/02/24,0.4368087,3.10601489,40.44830042
1400/02/25,0.55275617,4.04061858,40.4363164
1400/02/26,0.87939286,3.85804658,41.55825626
1400/02/27,0.64141485,3.71996321,53.2610017
1400/02/28,0.54863847,3.0352914,57.1392728
1400/02/29,0.52826485,4.73096371,70.86234901
1400/02/30,0.62652329,4.59557902,47.88197651
1400/02/31,0.67491763,4.31137868,45.18005223
1400/03/01,0.63867746,3.09031989,47.9090877
1400/03/02,0.67057633,3.25004521,80.06881909
1400/03/03,0.59981753,3.04245582,63.80336414
1400/03/04,0.77369248,4.63709628,81.567907
1400/03/05,0.56806998,3.32892789,51.22268557
1400/03/06,0.76219087,3.86391031,44.34737343
1400/03/07,0.62345331,3.74535336,36.78721539
1400/03/08,0.62149684,4.24197641,53.70980003
1400/03/09,0.61315124,3.74619444,46.04878182
1400/03/10,0.68029737,3.44857041,41.65610314
1400/03/11,0.72348327,4.8276575,47.76658894
1400/03/12,0.54959784,3.35984684,52.07686047
1400/03/13,0.87920245,3.89459323,60.39691651
1400/03/14,0.60221541,3.45513945,43.8487201
1400/03/15,0.53849463,3.23582436,45.21811511
1400/03/16,0.50587772,3.99071829,52.69766084
1400/03/17,0.49729825,4.43390938,53.10178719
1400/03/18,0.70981507,5.1350328,54.10288053
1400/03/19,0.92626111,5.74154714,56.9455207
1400/03/20,0.7398606,3.96838279,53.46196271
1400/03/21,0.62355766,2.77769611,45.98196503
1400/03/22,1.09575315,6.94225197,66.77832262
1400/03/23,0.82265878,5.24745672,74.85357683
1400/03/24,0.63247437,3.69226523,63.4927512
1400/03/25,0.85678417,5.22350294,76.88801104
1400/03/26,0.8058133,5.07753773,85.93033916
1400/03/27,0.70160158,6.09487042,72.8004647
1400/03/28,0.68929038,4.18445026,68.07672984
1400/03/29,0.58303548,4.33038286,83.85525195
1400/03/30,1.23297209,3.52895994,70.14412338
1400/03/31,0.86670181,4.8066152,80.08003219
1400/04/01,0.83252206,4.67616943,69.03368594
1400/04/02,0.70823749,3.40636102,63.86331707
1400/04/03,0.90980483,4.06999098,61.87642042
1400/04/04,0.4887303,3.95836559,60.47868689
1400/04/05,1.32631902,3.38797837,62.99779206
1400/04/06,1.07337573,3.03353267,69.86802508
1400/04/07,1.11309219,3.32954513,58.94548443
1400/04/08,0.98563742,3.87702194,63.27330544
1400/04/09,0.95416763,3.44729936,80.55584851
1400/04/10,0.83889214,3.84550478,79.98955067
1400/04/11,0.80957851,3.62405592,60.08843114
1400/04/12,1.1561209,3.7110888,78.8947857
1400/04/13,1.16745032,4.91015906,68.07291533
1400/04/14,1.49647317,4.55037775,65.75900289
1400/04/15,1.18618213,5.5358862,74.97175553
1400/04/16,0.98584333,3.85927737,69.08593675
1400/04/17,1.48382511,2.54819868,75.20882386
1400/04/18,1.06272195,2.63061726,146.98534202
1400/04/19,1.15530303,4.02128574,191.62531139
1400/04/20,1.1656402,4.25288065,185.1046259
1400/04/21,0.92804094,3.55006564,105.46714058
1400/04/22,1.1487276,3.99788338,127.30316297
1400/04/23,0.8890152,4.02786244,141.92624509
1400/04/24,0.79193579,3.80850094,158.13807102
1400/04/25,0.8513148,3.54513902,211.05215401
1400/04/26,1.05879148,4.51427839,77.99287563
1400/04/27,0.92931261,3.66215286,59.74183316
1400/04/28,0.60158324,2.7425173000000003,46.74508455
1400/04/29,0.75254681,4.38184124,43.27037175
1400/04/30,0.89946471,4.4085339900000005,43.15509474
1400/04/31,0.89265206,3.96751194,46.17735816
1400/05/01,1.01071122,3.93414492,67.20955416
1400/05/02,1.3075552,3.83827273,76.3914441
1400/05/03,1.13074489,4.49097544,77.05386503
1400/05/04,1.04698257,2.94909259,66.80195365
1400/05/05,1.04974533,2.87054569,68.28361988
1400/05/06,1.06403786,3.62165584,79.82453878
1400/05/07,0.92371752,2.9742814600000003,172.49053739
1400/05/08,0.80141045,3.07020454,98.77326307
1400/05/09,1.02068845,3.66520055,69.56336186
1400/05/10,0.93291322,3.78739966,61.54431458
1400/05/11,1.10230855,3.84003407,102.12612228
1400/05/12,0.93859772,4.27030004,83.88568714
1400/05/13,1.00239638,3.67315174,53.68549633
1400/05/14,1.10033491,4.26955985,58.891889793999994
1400/05/15,0.9988789,3.67703925,57.358282929199994
1400/05/16,0.96933289,4.48430385,57.72031016776
1400/05/17,1.02576587,3.92288475,59.204171465203004
1400/05/18,1.12024252,3.92590208,60.6815680229359
1400/05/19,1.14885492,2.55625425,61.20851284575578
1400/05/20,1.35918137,3.55948004,49.15403351
1400/05/21,1.02130405,3.47344305,64.51575264
1400/05/22,1.23931179,3.47465313,51.59595701
1400/05/23,1.27238579,4.29499292,74.65228968
1400/05/24,1.52106615,5.03273265,77.46768944
1400/05/25,1.16915353,6.35582934,81.86239403
1400/05/26,1.3325871,4.8569495,61.48083248
1400/05/27,1.12439955,5.31786063,62.58750321
1400/05/28,0.85107262,3.53053839,48.98376818
1400/05/29,0.89429962,3.20005057,63.59627469
1400/05/30,1.08724031,4.71188891,73.39000881
1400/05/31,1.23164244,4.07488162,77.61036205
1400/06/01,1.13400655,4.0984903,77.32322201
1400/06/02,0.92873704,3.93389909,60.5550818
1400/06/03,1.02914552,4.03741162,67.72652107
1400/06/04,1.00504312,3.42606541,58.04213549
1400/06/05,0.99437528,3.61211272,57.17595479
1400/06/06,1.04265624,3.35120591,68.21509405
1400/06/07,1.18066283,5.367845,70.05798916
1400/06/08,1.35822842,4.25169199,70.2065076
1400/06/09,1.01520229,4.11785225,72.41595582
1400/06/10,0.89394623,2.9686602,66.584572
1400/06/11,1.13129452,2.65772002,55.52600466
1400/06/12,1.08252201,2.69059858,72.01768715
1400/06/13,1.27700955,3.28281107,108.98057567
1400/06/14,1.23589578,3.53406828,120.46933285
1400/06/15,1.35139512,2.65677634,126.84569444
1400/06/16,1.46629009,4.43702613,79.17402272
1400/06/17,1.11591145,3.85794228,84.09991544
1400/06/18,1.19893233,5.89810997,81.72620183
1400/06/19,1.09804416,3.76051135,95.24488121
1400/06/20,1.16711844,4.98781575,92.8084356
1400/06/21,1.49792938,3.18747808,84.81894595
1400/06/22,1.40263845,3.94451029,75.35116241
1400/06/23,1.31539624,3.13946782,70.620123
1400/06/24,1.34425456,3.47429385,64.83310901
1400/06/25,1.31079281,3.29136715,67.7276933607
1400/06/26,1.23991734,3.83782515,67.30962995220999
1400/06/27,1.50880466,5.04073555,78.40685972444076
1400/06/28,1.65932602,5.21848596,74.54616865
1400/06/29,1.43713644,4.51198482,78.50713366
1400/06/30,1.43727082,5.03090506,82.90516592
1400/06/31,1.63592716,4.1121957,84.30394877
1400/07/01,1.3631885,3.15925272,88.38776804
1400/07/02,1.29765098,2.2182526,85.80125099
1400/07/03,1.277938,4.06018715,72.52776983
1400/07/04,1.27577281,3.98496712,118.16968289
1400/07/05,1.40065515,6.29327095,125.17424907
1400/07/06,1.64872103,4.59472868,116.16171641
1400/07/07,1.48199602,5.42043832,103.27132556
1400/07/08,1.42458137,4.58996408,92.46950305
1400/07/09,1.34269502,2.62183621,85.37097597
1400/07/10,1.42873938,2.74096845,78.45502612
1400/07/11,1.5407343999999998,3.5331389,78.04841034
1400/07/12,1.15208326,4.63733125,82.93455464
1400/07/13,1.34347657,3.72406194,66.44071779
1400/07/14,1.1068152,2.79802828,74.97756231
1400/07/15,1.34471714,2.42854118,75.66913797
1400/07/16,1.16908042,2.38350722,59.04185942
1400/07/17,1.36535877,3.50776846,53.95807795
1400/07/18,1.37121732,4.05315929,64.61950468
1400/07/19,1.41666214,3.80870103,57.58327558
1400/07/20,1.5845729899999998,6.05432551,70.10983735
1400/07/21,1.74207036,4.67438339,71.75865583
1400/07/22,1.18793866,6.23538325,80.08419024
1400/07/23,1.5527079700000002,4.78235659,59.66139506
1400/07/24,1.48286015,5.0448793,78.90201146
1400/07/25,1.55976224,4.62536942,72.34205026
1400/07/26,0.9890541,3.93049425,61.89744229
1400/07/27,1.20742182,4.98687841,59.85178088
1400/07/28,1.15636207,5.28229479,62.43451175
1400/07/29,1.33542258,5.7484646,51.78313422
1400/07/30,1.48759298,11.26667221,54.60516953
1400/08/01,1.5958267,14.21047692,54.39390211
1400/08/02,1.26219333,5.76182102,50.06713255
1400/08/03,1.68489513,4.85111762,56.52597539
1400/08/04,1.36659997,5.37254964,58.96995098
1400/08/05,1.4919737,4.08991301,63.62114183
1400/08/06,1.48812771,10.96022129,67.62980719
1400/08/07,1.39193925,9.13788202,60.85732782
1400/08/08,1.58934546,4.85380572,39.51850646
1400/08/09,2.06037373,10.62569528,76.42914445
1400/08/10,1.79533023,4.02477711,73.2939341
1400/08/11,1.70081423,7.12112543,91.28590046
1400/08/12,1.41477785,4.93631137,70.47103312
1400/08/13,1.44368729,5.25883681,37.30686526
1400/08/14,1.37814385,2.87215694,11.8368191
1400/08/15,1.47004666,3.3116981,16.36478048
1400/08/16,1.42256393,3.04077008,27.32933446
1400/08/17,1.6855763,3.90330484,56.4381603
1400/08/18,1.5481384500000002,5.14023661,61.49287238
1400/08/19,2.17932346,5.08795188,75.21999175
1400/08/20,1.54968156,5.02300709,82.0864781
1400/08/21,1.28496919,2.90243704,31.0932083
1400/08/22,1.71286273,4.13725032,35.70003235
1400/08/23,2.28362351,7.03801162,68.67800907
1400/08/24,1.85828031,6.51546496,69.6213533
1400/08/25,1.63485405,4.72894237,65.8659855
1400/08/26,1.2151665,3.88987942,36.12692907
1400/08/27,1.41977885,4.25545431,41.77324017
1400/08/28,1.86407394,4.72163072,54.93390892
1400/08/29,2.181629,5.62076297,96.89128089137499
1400/08/30,2.26413946,6.56703855,128.8951572450375
1400/09/01,2.53458028,7.82623674,87.65185822
1400/09/02,1.57357676,10.68317166,63.78195678
1400/09/03,1.93941827,6.09060461,62.22928882
1400/09/04,2.32107934,11.85222392,84.09665921
1400/09/05,1.48337163,6.7787295400000005,87.06726952
1400/09/06,1.55213385,5.35733906,59.41686898
1400/09/07,2.13926912,6.91440083,77.74628246
1400/09/08,2.23156424,7.67312653,101.44286516
1400/09/09,2.28052926,6.63284644,94.5350321
1400/09/10,2.21634166,8.83692219,126.40346413
1400/09/11,1.95254943,5.6091054,96.84900471
1400/09/12,1.06271347,1.91726015,9.90902301
1400/09/13,2.0497767,6.28995407,70.90337187
1400/09/14,2.49604723,6.18658186,106.76074608
1400/09/15,2.38538262,6.33481677,127.63136225
1400/09/16,2.34498255,4.98269636,91.49337285
1400/09/17,1.9727683,7.26847498,100.82818757
1400/09/18,2.03684965,6.7107385,114.41505778
1400/09/19,2.18394352,5.52368379,74.54215153
1400/09/20,2.19020127,5.90643777,59.5965719
1400/09/21,3.06571347,6.90527348,91.29521634
1400/09/22,2.44775171,8.46117127,106.60368562
1400/09/23,2.5003400374,7.72740173,114.53463932
1400/09/24,2.3977743445199997,9.17397353,101.9062853
1400/09/25,2.0727034126559998,7.40656065,76.11572185
1400/09/26,2.1858270010967997,11.12659983,99.54468497
1400/09/27,1.9692315730290395,8.44406377,65.95044815
1400/09/28,0.87725218,5.09904333,67.04273115
1400/09/29,1.64639722,5.29280092,83.33677999
1400/09/30,0.76537149,4.64576861,55.71060656
1400/10/01,0.66817464,3.54607473,51.21089928
1400/10/02,0.73671869,4.40433597,37.03022321
1400/10/03,0.69990905,7.19743009,61.87384653
1400/10/04,0.8496334,3.7240281,21.1964437
1400/10/05,2.15673512,7.66348319,62.99283657
1400/10/06,1.85759816,8.98271171,93.08101818
1400/10/07,1.8596606,6.85825587,94.4031049
1400/10/08,1.96676949,5.53685123,98.17959574
1400/10/09,2.01624343,9.10878296,101.02408491
1400/10/10,1.71370409,9.34853746,100.38749221
1400/10/11,2.31806754,6.46282715,81.98475119
1400/10/12,1.09580146,3.99139866,60.23432987
1400/10/13,0.95725054,3.66986083,38.12844988
1400/10/14,1.12189144,5.07115192,36.88382547
1400/10/15,0.93326645,4.78234793,31.70332916
1400/10/16,1.35007888,5.79123948,54.10282791
1400/10/17,1.65300153,7.52349129,79.14006648
1400/10/18,1.86645333,17.6254345,110.71824914
1400/10/19,2.52703957,14.21843837,124.23290549
1400/10/20,1.36407851,7.90345776,88.80670741
1400/10/21,1.59305613,12.49762057,111.39966472
1400/10/22,0.82706106,10.74963585,66.69699462
1400/10/23,1.5144666,10.99597657,101.24251309
1400/10/24,1.13774788,5.72664641,58.61402935
1400/10/25,0.89018076,4.27193634,33.13194994
1400/10/26,0.83609363,4.11343225,23.05201347
1400/10/27,0.93281459,5.16440223,37.58500405
1400/10/28,1.1034919,8.1555927,31.6954811
1400/10/29,1.56842423,12.01808849,81.56866774
1400/10/30,0.86756661,7.96404264,63.48911451
1400/11/01,0.91870315,6.70602135,22.60635499
1400/11/02,1.58760876,11.14495731,61.08169046
1400/11/03,1.80553633,13.4969048,98.06167524
1400/11/04,2.28948338,14.38137169,124.69593758
1400/11/05,2.10629422,14.15730899,143.92976112
1400/11/06,0.96018141,11.51590905,117.10063423
1400/11/07,1.03870801,8.44559398,72.52171933
1400/11/08,0.35667249,5.73646279,29.51085125
1400/11/09,0.82911361,7.4264379,79.0880056
1400/11/10,0.77071623,6.99558444,54.95559461
1400/11/11,0.79715024,8.34569843,37.15235055
1400/11/12,1.80800319,8.19307947,75.33668126
1400/11/13,3.39421376,7.34282611,81.22390575
1400/11/14,2.78603241,6.42258077,83.26607531
1400/11/15,2.66927615,8.54895514,91.78839759
1400/11/16,1.14189605,4.16990127,43.34873163
1400/11/17,0.62787494,6.22927973,22.71778111
1400/11/18,1.00434649,8.08454244,35.49758635
1400/11/19,1.64959119,9.63630722,52.85475491
1400/11/20,1.14035021,9.77819339,37.87234093
1400/11/21,2.33110918,9.28118297,60.78196836
1400/11/22,1.57581632,5.24774927,55.03276529
1400/11/23,1.7343798700000002,5.74845085,62.33999397
1400/11/24,1.88662802,7.15654139,77.59373012
1400/11/25,1.88893961,6.07114554,68.53576352
1400/11/26,2.2961843,6.00286101,61.88186859
1400/11/27,2.49401193,7.29134634,69.87483802
1400/11/28,0.98572735,5.19293902,58.55626555
1400/11/29,1.49572476,5.20164382,62.5943615
1400/11/30,2.18895855,5.92436975,55.80676017
1400/12/01,1.35126278,3.33038162,37.15069073
1400/12/02,1.22668241,3.77652544,42.29850662
1400/12/03,1.72004566,5.78917639,51.96750816
1400/12/04,1.77036784,8.28358468,54.65579351
1400/12/05,2.46612111,6.79141124,60.40709145
1400/12/06,1.3289933,6.02446582,53.26308372
1400/12/07,1.01075252,4.70947293,46.71968091
1400/12/08,0.66058108,5.43516835,35.86682014
1400/12/09,1.72342812,6.9768661,51.70790819
1400/12/10,1.82432263,6.03005424,70.43794942
1400/12/11,2.10800624,6.30152786,61.41380099
1400/12/12,2.38991672,9.1690988,77.615417
1400/12/13,0.47547151,3.10080508,149.86701607
1400/12/14,0.39509776,3.05608134,73.26682509
1400/12/15,0.55372806,3.46187329,42.29982525
1400/12/16,1.43469564,4.61114216,43.27558215
1400/12/17,1.09826855,4.4879486,66.56371845
1400/12/18,2.22392937,6.44835613,73.08723458
1400/12/19,1.49902553,4.63874278,85.7498672
1400/12/20,0.91986442,3.5445714,60.63048582
1400/12/21,0.59451939,4.12113092,49.63976343
1400/12/22,1.298143,5.01729164,78.18250465
1400/12/23,1.76359246,4.14141834,118.46231752
1400/12/24,1.30921466,5.56639914,121.57681913
1400/12/25,1.30885309,4.52597366,112.68339574
1400/12/26,0.62708869,4.31807172,39.13075492
1400/12/27,1.67375208,7.66191674,44.72205283
1400/12/28,1.8790458,6.5385411300000005,55.88254701
1400/12/29,0.87611108,4.6735324,49.70820269
1401/01/01,0.9612513,4.47551368,68.32413932
1401/01/02,1.39107546,4.59639303,75.35877105
1401/01/03,1.08962616,3.95022748,78.08323336
1401/01/04,0.88410046,6.45402008,57.55982913
1401/01/05,0.86917421,3.42239016,46.49503751
1401/01/06,0.63012952,3.03368883,36.14620112
1401/01/07,0.75645691,3.1484597,31.08827986
1401/01/08,0.59972589,3.42356518,32.16133198
1401/01/09,1.14376589,5.0108377,42.45158667
1401/01/10,1.32775952,6.7956435200000005,47.44756435
1401/01/11,1.0507986,3.91922464,56.27420608
1401/01/12,1.21973724,3.66128291,57.61212338
1401/01/13,1.57455255,6.30452895,75.0178045
1401/01/14,1.55458288,3.79831293,88.80257285
1401/01/15,1.16906356,3.98791985,85.60999705
1401/01/16,0.50578576,3.42625566,70.030745
1401/01/17,0.81589921,3.84239299,52.84533916
1401/01/18,0.89882628,4.91460968,89.1338683
1401/01/19,0.5199473,2.94403796,610.50548503
1401/01/20,1.36040768,4.66893486,246.68059389
1401/01/21,0.51728792,3.23992409,126.71782614
1401/01/22,1.20745022,4.66732825,69.24291338
1401/01/23,1.27134485,3.98484856,97.00714925
1401/01/24,1.71140633,4.54600591,126.09846791
1401/01/25,1.01284854,3.6748709,72.65785545
1401/01/26,0.75125425,3.51993028,62.78259081
1401/01/27,1.42256686,3.85558347,49.78575775
1401/01/28,0.75552047,3.96908167,48.42223866
1401/01/29,1.05939675,5.63160928,34.44168869
1401/01/30,1.61306028,12.15375861,58.21492496
1401/01/31,1.27543967,7.47981441,109.45871925
1401/02/01,0.87627838,3.45648451,97.67488627
1401/02/02,0.74161447,3.95069507,74.17641617
1401/02/03,1.01462044,3.9467524,64.77815673
1401/02/04,0.77745445,4.11086851,66.88471742
1401/02/05,0.7037729,3.34405581,94.04161318
1401/02/06,0.99367967,4.55601319,93.65342273
1401/02/07,0.79247907,3.66376613,73.48604816
1401/02/08,0.86492445,4.1071185,64.9020057
1401/02/09,0.82937792,4.75665399,57.44099887
1401/02/10,1.17807649,3.58457298,38.42545548
1401/02/11,0.96483687,4.18584892,43.50273458
1401/02/12,0.54919285,4.31212299,68.41730308
1401/02/13,0.52028637,3.79482993,52.01310862
1401/02/14,0.94615836,3.9247519,40.61662562
1401/02/15,0.54682082,3.8635321,64.97268491
1401/02/16,0.52320549,3.48691285,70.31899699
1401/02/17,0.92600213,4.41175456,114.81020644
1401/02/18,0.6047736,4.37596029,185.82890677
1401/02/19,0.56960022,4.6709701,39.14182428
1401/02/20,0.86601872,5.46669542,34.05390908
1401/02/21,1.25306406,5.22669838,70.81089765
1401/02/22,0.35622258,5.94427561,63.0017453
1401/02/23,0.61874706,4.59901184,38.10081933
1401/02/24,0.99275329,4.17542889,29.05709215
1401/02/25,1.08640288,5.31484229,35.50231149
1401/02/26,1.18753099,5.7765113,63.60337361
1401/02/27,0.69994149,4.25745879,179.08895148
1401/02/28,0.60510029,6.52285903,81.07475234
1401/02/29,0.91975625,6.72260189,64.83949896
1401/02/30,0.47570669,6.38016832,52.14812085
1401/02/31,0.86966947,6.09943286,105.62375952
1401/03/01,0.89859999,6.61439815,89.48921769
1401/03/02,1.22885953,5.80720714,80.88654113
1401/03/03,0.36098639,6.03809093,318.09728812
1401/03/04,0.44349983,4.56367582,269.04360411
1401/03/05,0.63332234,4.34870097,137.02794786
1401/03/06,0.73096539,4.14938984,52.33791135
1401/03/07,0.98794377,5.6325381100000005,51.99554514
1401/03/08,0.62350156,3.91931478,43.20467958
1401/03/09,0.58200023,3.70138743,45.27200111
1401/03/10,0.75964122,4.92572871,58.34657723
1401/03/11,0.85757975,4.0722689,39.37918149
1401/03/12,0.85757975,4.0722689,39.37918149
1401/03/13,0.55449121,3.71529301,50.9741849
1401/03/14,0.76865721,4.79715038,71.97085627
1401/03/15,0.84206706,4.18124894,69.06559604
1401/03/16,0.79437647,3.58690838,73.5504456
1401/03/17,0.99934637,3.87190273,115.45027232
1401/03/18,1.07645531,5.3769849,104.71201801
1401/03/19,0.73880298,4.95663487,53.45783757
1401/03/20,0.57903689,4.76856891,67.52304327
1401/03/21,0.84770473,4.18097345,98.50528264
1401/03/22,0.81263673,4.23392748,104.85967451
1401/03/23,1.05925074,4.50332593,88.61395982
1401/03/24,0.55350112,3.87792549,105.21999651
1401/03/25,0.90588756,4.7704308,80.15603077
1401/03/26,0.93620298,4.48276446,66.09064396
1401/03/27,0.90876184,4.44173534,76.87954209
1401/03/28,1.28818712,5.37222506,70.59986624
1401/03/29,0.97820584,4.06515861,80.73274022
1401/03/30,0.96001243,4.46714128,89.65680573
1401/03/31,0.91796372,5.66968139,83.04869943
1401/04/01,1.03738385,4.2556772,68.01737636
1401/04/02,0.90188558,3.93317568,150.92984968
1401/04/03,0.82393908,4.16011802,146.54496222
1401/04/04,0.96988808,4.17507609,97.06967884
1401/04/05,1.16991836,6.21817892,112.40030903
1401/04/06,1.77956151,6.37852606,114.70839212
1401/04/07,1.2363073,6.35139466,105.00972026
1401/04/08,1.12576302,7.25622985,104.12760409
1401/04/09,0.75894146,5.72113207,213.22480596
1401/04/10,1.02396641,5.39417066,169.64899166
1401/04/11,1.47737171,5.48611533,167.51415514
1401/04/12,0.9438124,4.25530792,378.67488697
1401/04/13,1.07955248,4.14336597,238.33728327
1401/04/14,1.13370525,6.55535039,147.82232014
1401/04/15,1.09912842,8.28907478,111.52156803
1401/04/16,1.23350885,7.16137551,122.39610012
1401/04/17,1.3582651,8.63201268,104.04792417
1401/04/18,1.23341098,4.62814895,137.41893228
1401/04/19,1.05822273,6.41426417,109.99509637
1401/04/20,1.55867226,8.98738031,93.14213067
1401/04/21,1.63680411,7.78414193,83.0547371
1401/04/22,1.19641555,9.12581761,77.35919514
1401/04/23,1.2251062,9.49212665,68.38974379
1401/04/24,1.06895009,5.49724654,66.32406273
1401/04/25,1.43394495,5.60938723,77.9734593
1401/04/26,1.64803386,6.31200885,73.6925257
1401/04/27,1.08253105,7.93927516,73.61648877
1401/04/28,1.55552691,5.79290019,65.72772152
1401/04/29,1.28095942,5.63906538,75.7798242
1401/04/30,1.4555935,5.13510111,89.85025043
1401/04/31,1.32158562,4.65767628,90.58389454924999
1401/05/01,1.06859412,5.46509091,107.11616065
1401/05/02,0.73881765,4.3780276,184.54734815
1401/05/03,0.89584808,4.31493795,173.10594609
1401/05/04,1.03595733,4.08401861,102.33512918
1401/05/05,1.12874844,4.77816507,154.09589325
1401/05/06,1.02689003,4.80710513,149.63151407
1401/05/07,0.78504693,3.08778996,50.7111483
1401/05/08,1.01051193,2.84220871,45.67022915
1401/05/09,0.67621823,4.00901091,61.7017052
1401/05/10,1.15611981,3.58806741,62.77963731
1401/05/11,1.2508099,5.08482129,70.83819293
1401/05/12,0.95513691,5.03693205,64.55501566
1401/05/13,0.89805968,3.46585743,51.93067878
1401/05/14,1.17701181,4.44451378,73.10612373
1401/05/15,1.05757364,5.42217415,49.46649403
1401/05/16,0.81286126,5.27682594,80.62686681
1401/05/17,1.02254488,4.48783771,42.3406031
1401/05/18,0.97406808,3.54016961,157.24324061
1401/05/19,0.92334167,4.24332359,99.78974238
1401/05/20,1.2879215,6.46648477,69.03122239
1401/05/21,1.11299866,4.09520534,44.45320653
1401/05/22,1.1619214,5.47758473,58.48646594
1401/05/23,1.39951853,5.13782443,58.83391689
1401/05/24,1.35039008,5.183101,57.51544996
1401/05/25,1.55403304,5.51321715,66.37445894
1401/05/26,1.52603365,5.32024405,61.94046264
1401/05/27,1.12550482,4.90686072,57.04788787
1401/05/28,1.94716512,4.64566882,57.51939895
1401/05/29,3.15368404,5.47059449,75.65684326
1401/05/30,1.8719959417499998,5.532212077499999,86.13377680225
1401/05/31,1.6410579850249998,5.973424199549998,90.13019449430001
1401/06/01,1.4251782597574998,6.585062942265,93.94071118029001
1401/06/02,1.3006221980522499,6.303214993879498,101.362161342962
1401/06/03,1.4069645955406749,6.160683477563849,93.1428275066386
1401/06/04,1.4255668090372025,5.751266340369154,79.72264894349158
1401/06/05,1.698822882836161,6.184543147010746,75.8027649854919
1401/06/06,1.7056314474758483,6.428455833658778,73.71328700753645
1401/06/07,1.7716128358677543,5.68463361987541,71.20564427026093
1401/06/08,1.920809497385326,3.41979728,48.07488417
1401/06/09,1.46028929,5.819217,67.81314003
1401/06/10,1.08984872,6.06057766,66.47386036
1401/06/11,0.87922429,4.54689431,62.79826547
1401/06/12,1.92219337,5.47559403,68.64425492
1401/06/13,1.44670469,5.06938751,68.52293417
1401/06/14,1.64448512,6.33057174,70.94950226
1401/06/15,1.14931042,5.48124715,64.88894106
1401/06/16,0.83850772,3.98491993,63.82454814
1401/06/17,0.89887663,4.22473017,68.58083869
1401/06/18,1.02632953,4.57846743,68.96364933
1401/06/19,0.89273411,4.54230265,93.88745969
1401/06/20,0.85442267,4.24291833,83.50140029
1401/06/21,1.15267899,6.73043386,102.11536418
1401/06/22,1.13559509,7.40434606,66.19659047
1401/06/23,0.92957211,8.22764089,74.83414548
1401/06/24,0.67921261,6.01559804,101.35366033
1401/06/25,0.7219802,4.14270033,61.61493352
1401/06/26,0.81077544,4.70096319,51.47120873
1401/06/27,1.46174026,4.93210138,59.20812828
1401/06/28,1.22986245,6.89679352,69.31521897
1401/06/29,0.47207469,5.53039522,61.73359882
1401/06/30,1.35793348,4.49761304,65.68872645
1401/06/31,0.7493956,4.70155851,63.63014062
1401/07/01,1.01024661,4.35393925,120.82475891
1401/07/02,1.03607906,5.71004964,87.92039765
1401/07/03,0.59715426,5.01375292,164.30658978
1401/07/04,0.84980722,4.20078878,389.21269499
1401/07/05,1.37652159,4.92621917,102.79792799
1401/07/06,1.11345215,6.05439186,79.46456504
1401/07/07,0.91581688,4.57616791,66.89168322
1401/07/08,1.10264645,4.12957464,64.98992311
1401/07/09,1.14477774,4.80038246,115.64057218
1401/07/10,0.9775288,4.25793235,106.12962701
1401/07/11,1.12825826,5.97297753,65.8411834
1401/07/12,1.50235267,4.39259448,81.95001761
1401/07/13,1.51223898,4.3619537,77.97783132
1401/07/14,1.22898069,4.7389321,79.30311811
1401/07/15,1.07626067,4.28093299,76.1093485
1401/07/16,1.18133136,4.78219725,88.25872193
1401/07/17,1.29422633,5.16993875,75.1960932
1401/07/18,1.68818538,5.03108556,77.70508586
1401/07/19,2.04397329,6.59499421,89.59204427
1401/07/20,1.89763561,4.73025837,84.86686171
1401/07/21,1.48655017,5.15348633,79.97376966
1401/07/22,1.84362269,4.45225053,64.74726702
1401/07/23,2.32074712,6.0424811,89.63806493
1401/07/24,1.07557929,5.51076853,90.10007058
1401/07/25,1.15904257,4.71046875,76.86885066
1401/07/26,1.23099788,4.76440615,98.705345
1401/07/27,1.25009855,4.27839906,112.48725152
1401/07/28,0.9673929,5.16664899,80.60868359
1401/07/29,1.63619848,5.55177519,82.67040009
1401/07/30,1.12342131,4.57804093,131.1123067
1401/08/01,1.84743069,5.23970591,85.95223754
1401/08/02,0.88890683,3.61337098,77.33372494
1401/08/03,0.99750645,4.01071589,56.47404308
1401/08/04,1.6720142999999998,5.24091525,71.32443346
1401/08/05,1.730995,5.05200465,91.62496834
1401/08/06,1.65437855,5.4084103,82.19887065
1401/08/07,0.96917806,4.68457063,74.73261808
1401/08/08,1.75194776,5.39916254,77.68895116
1401/08/09,1.16819643,4.2446789,89.88967158
1401/08/10,1.07172394,4.63137629,76.17080926
1401/08/11,1.34436458,4.75554825,72.04251545
1401/08/12,0.78448419,4.07823307,72.80783905
1401/08/13,1.87942843,4.87339396,70.72806597
1401/08/14,1.0592219,4.59548947,78.42527537
1401/08/15,1.17765348,5.40495547,72.57326974
1401/08/16,1.34104552,4.38851139,47.77328132
1401/08/17,1.61329703,6.71583419,62.79472631
1401/08/18,1.38614065,5.21672917,43.9722284
1401/08/19,1.64132391,4.77244415,93.94295218
1401/08/20,1.69212235,3.83521761,73.31393772
1401/08/21,1.36698674,5.60526636,103.84712304
1401/08/22,1.52674128,4.68768541,67.90614287
1401/08/23,1.42020999,4.86344641,63.58662248
1401/08/24,1.39236436,7.27940465,76.95333212
1401/08/25,1.32836711,7.85335141,87.05976453
1401/08/26,0.97954585,4.47621034,53.7973753
1401/08/27,1.27570014,4.92987747,42.24270009
1401/08/28,2.21362731,6.2669409,97.74331778
1401/08/29,2.65702356,7.38749788,124.84465035
1401/08/30,1.96387282,5.45167884,114.59844565
1401/09/01,1.7761075,4.91178282,104.24475355
1401/09/02,2.69301599075,5.5005774,119.7373622
1401/09/03,2.7429446609749997,6.44519599,140.16051332
1401/09/04,2.4059057482924997,7.48330468,106.9049186
1401/09/05,2.1201202074877497,4.96601155,72.91159783
1401/09/06,2.0104065947463248,3.63094952,63.83999866
1401/09/07,2.284412166798897,8.66301101,72.78681435
1401/09/08,2.248816784914669,7.08191846,87.951898
1401/09/09,2.4321915429744005,7.86959885,98.65525635
1401/09/10,2.22349140414232,5.42164167,80.49330182
1401/09/11,1.738866291742696,6.8601054900000005,68.65389232
1401/09/12,1.5611108,7.65275997,53.23755777
1401/09/13,1.15817687,3.17502263,24.79262872
1401/09/14,1.04195127,4.27123566,31.21653012
1401/09/15,0.91237996,6.12083852,49.88540402
1401/09/16,1.35494482,5.2375915,75.0632994
1401/09/17,1.5257482100000002,10.53512769,105.25777518
1401/09/18,1.68027699,6.94294113,112.39041566
1401/09/19,1.46202086,10.08843185,101.25863445
1401/09/20,1.5118488,7.90719305,89.4755911
1401/09/21,1.48208351,8.96733256,86.03012313
1401/09/22,2.23313657,37.03101846,126.87263521
1401/09/23,3.2885781,38.55086619,171.06034558
1401/09/24,2.06127326,33.12093554,143.64992963
1401/09/25,2.43897057,18.03888502,125.74100284
1401/09/26,1.97234993,11.70521562,113.43242447
1401/09/27,2.04557948,8.85591985,83.83547548
1401/09/28,2.2607181,6.18247,109.94334975
1401/09/29,1.85029634,10.14100527,87.61905707
1401/09/30,1.61948374,6.73917675,55.87265546
1401/10/01,1.4834814,14.35048512,53.90375209
1401/10/02,1.71426793,11.19091642,64.36836843
1401/10/03,1.49077664,5.26756822,41.77202984
1401/10/04,2.5703534,7.26265418,41.72474321
1401/10/05,1.80666764,5.87258452,79.14249884
1401/10/06,1.25593322,5.85409533,72.17907764
1401/10/07,1.23968742,7.44088095,68.05583538
1401/10/08,2.13837138,13.22627845,95.69579143
1401/10/09,1.83932359,10.97371951,103.69407545
1401/10/10,1.89663211,8.71696843,136.17414016
1401/10/11,2.35041692,15.88855743,146.61494756
1401/10/12,2.46606624,12.59385339,138.52546922
1401/10/13,2.9294806,14.257161,150.57045378
1401/10/14,2.57884592,11.10557301,142.59426925
1401/10/15,1.74370996,7.03529339,94.71477315
1401/10/16,1.08543412,6.02463629,85.04513591
1401/10/17,0.75302228,4.36131113,56.08652711
1401/10/18,1.19838838,5.64321899,35.27006363
1401/10/19,1.1876049,6.68975996,43.82080164
1401/10/20,1.3137642,6.71257489,42.36305221
1401/10/21,1.44736877,10.07223919,64.86401693
1401/10/22,1.08606334,5.64688005,43.73894087
1401/10/23,1.14239875,5.57627961,32.29190648
1401/10/24,1.318179,4.71289203,47.87416036
1401/10/25,1.55538854,6.42961146,52.27608463
1401/10/26,3.28851207,11.48649767,103.34644773
1401/10/27,2.83348487,15.19496973,150.6501157
1401/10/28,2.31469526,18.71755597,113.4534288
1401/10/29,2.22743215,13.64823184,97.14893762
1401/10/30,1.94194113,11.62348986,106.69004088
1401/11/01,2.0586107,13.46942902,123.31525469
1401/11/02,1.52357673,12.94771736,103.50744315
1401/11/03,1.78700715,13.50477002,113.0964041
1401/11/04,1.90386393,18.89245788,100.66687662
1401/11/05,2.17978932,13.79775713,109.12300211
1401/11/06,1.8392691,9.40910866,114.14238824
1401/11/07,1.40188815,8.44962468,86.59181044
1401/11/08,1.78361992,10.83968876,88.56731562
1401/11/09,1.80715631,14.6047065,96.68242329
1401/11/10,1.12417322,8.12361141,48.69319708
1401/11/11,2.03469445,4.18071265,26.49694833
1401/11/12,1.0535823,3.5150916,22.98250475
1401/11/13,1.04010319,5.36790801,74.11212152
1401/11/14,0.7496965,3.0365235,28.57653222
1401/11/15,1.06814229,4.59749253,39.20704686
1401/11/16,1.07577098,5.36787566,66.34654824
1401/11/17,1.40028548,6.71309827,81.69418792
1401/11/18,1.31207346,4.58833761,49.51405836
1401/11/19,0.86041291,3.92398163,30.50022048
1401/11/20,1.16184337,4.09091941,25.06559897
1401/11/21,1.11078422,5.71032613,27.03852709
1401/11/22,1.28279817,5.52517088,50.4455201
1401/11/23,1.1883739,4.51243231,32.80869978
1401/11/24,1.83572754,7.8061593,90.30985853
1401/11/25,2.10360856,13.35406272,129.27399808
1401/11/26,2.06525207,4.68954947,71.56536789
1401/11/27,0.87620823,4.60950388,43.34444405
1401/11/28,1.28025221,7.947301429999999,38.69922301
1401/11/29,2.27073759,6.87783442,77.56641317
1401/11/30,1.12286744,6.03976145,57.90321973
1401/12/01,0.87045958,9.82395962,41.36724083
1401/12/02,1.60550804,6.51081364,61.91928734
1401/12/03,1.06860854,6.90492181,57.64000752
1401/12/04,0.83449954,6.04036251,45.17660881
1401/12/05,1.04001646,6.78534498,58.00952061
1401/12/06,1.77076447,7.6915737,83.95922249
1401/12/07,1.5081925,6.27635147,89.94156297
1401/12/08,1.6151758699999998,7.87389496,99.93933307
1401/12/09,1.44019753,6.48168988,98.03714666
1401/12/10,1.38415982,9.58071285,72.47751808
1401/12/11,1.30370567,8.63114108,75.63988283
1401/12/12,1.18908539,6.58619138,58.77480374
1401/12/13,1.58904754,5.19561626,67.03676482
1401/12/14,1.0483756,6.01188795,61.61554436
1401/12/15,1.37301863,6.8186549,70.83321789
1401/12/16,1.71903681,4.52188954,58.14926118
1401/12/17,1.9149097,3.62176578,56.10711811
1401/12/18,1.41027805,3.55372141,35.94027933
1401/12/19,1.25696941,3.24680354,38.07790889
1401/12/20,0.96661195,4.58150321,45.28463818
1401/12/21,1.26623855,5.14867549,66.42304278
1401/12/22,1.1768503,4.4277787,56.12321758
1401/12/23,1.22575708,4.98790406,60.88029219
1401/12/24,1.40756017,3.62001595,43.53127555
1401/12/25,1.11540844,2.5966073,26.14467845
1401/12/26,0.67515554,2.72678447,21.39194277
1401/12/27,0.76214821,3.009846,31.32142099
1401/12/28,1.06229213,4.38133216,41.69673248
1401/12/29,0.85035486,3.11018679,37.48617844
